{"current":{"color_body_bg":"#ffffff","color_headings":"#000000","color_body_text":"#000000","color_borders":"#e2e2e2","color_button_text":"#464646","color_input":"#989898","color_newsletter":"#a26b25","color_drawer_background":"#050505","color_drawer_text":"#ffffff","social_facebook_link":"www.facebook.com","social_instagram_link":"https:\/\/www.instagram.com\/","social_snapchat_link":"https:\/\/www.snapchat.com","social_youtube_link":"https:www.youtube.com","checkout_accent_color":"#a26b25","checkout_button_color":"#000000","checkout_error_color":"#e32c2b","sections":{"header":{"type":"header","settings":{"logo":"shopify:\/\/shop_images\/LogoMakr-85s6fE.png","logo_max_width":205,"header_color":"#000000","transparent_header_enable":true,"transparent_header_color":"#ffffff","search":"modal","main_menu_link_list":"main-menu","drawer_bottom_link_list":"footer","drawer_search_enable":false,"show_announcement":true,"home_page_only":true,"text":"Free shipping is Availble and DIscount   Above Rs-\/50","color_bg":"#1d634d","color_text":"#f5f5f5"}},"slideshow":{"type":"slideshow","blocks":{"slideshow-0":{"type":"slide","settings":{"image":"shopify:\/\/shop_images\/watches.jpg","image_position":"center center","image_overlay":true,"image_overlay_opacity":25,"text_alignment":"center","slide_heading":"Watch  Collection","slide_subheading":"","button_label":"Shop now","button_link":"shopify:\/\/products\/watch-collection-for-men","slide_text_color":"#ffffff","slide_button_label_color":"#ffffff","slide_button_background_color":"#000000"}},"slideshow-1":{"type":"slide","settings":{"image":"shopify:\/\/shop_images\/shirts.jpg","image_position":"center center","image_overlay":true,"image_overlay_opacity":25,"text_alignment":"center","slide_heading":"Man Collection","slide_subheading":"","button_label":"Shop now","button_link":"shopify:\/\/collections\/trouser-and-shirt","slide_text_color":"#ffffff","slide_button_label_color":"#ffffff","slide_button_background_color":"#1f2021"}},"1ad2e93d-db30-4f3c-ae26-17862e6d5bc7":{"type":"slide","settings":{"image":"shopify:\/\/shop_images\/shop-banner.jpg","image_position":"center center","image_overlay":true,"image_overlay_opacity":25,"text_alignment":"center","slide_heading":"Women Collection","slide_subheading":"SaLE SALE!","button_label":"Shop now","button_link":"shopify:\/\/collections\/women","slide_text_color":"#f4f4f4","slide_button_label_color":"#ffffff","slide_button_background_color":"#1f2021"}}},"block_order":["slideshow-0","slideshow-1","1ad2e93d-db30-4f3c-ae26-17862e6d5bc7"],"settings":{"home_hero_height":"adapt","hero_home_auto":true,"home_hero_auto_speed":3}},"featured-content":{"type":"featured-content","settings":{"home_page_full_width":false,"section_title":"Test","text":"<p>Our mission is to create simple, beautiful objects that combine form and function.GiveMeTap is a collection of variety .Our mission is to make clean drinking water available to every where.Give  MeTap is a social enterprise Our mission is to make clean drinking water available everywhere.GiveMeTap is a social enterprise.Our mission is to make clean drinking water available to everyone, everywhere.<br\/><br\/><br\/><br\/><\/p>","text_size":"large"}},"featured-collections":{"type":"featured-collections","blocks":{"featured-collections-0":{"type":"collection","settings":{"collection":"winter-women-collection"}},"featured-collections-1":{"type":"collection","settings":{"collection":"women"}},"featured-collections-2":{"type":"collection","settings":{"collection":"women-summer-collection"}},"ddf5dbba-30be-4219-9806-21e049aa410e":{"type":"collection","settings":{"collection":"watch-collection"}},"58765ba5-3a14-4eeb-a1a0-54295275ed47":{"type":"collection","settings":{"collection":"shoes"}}},"block_order":["featured-collections-0","featured-collections-1","featured-collections-2","ddf5dbba-30be-4219-9806-21e049aa410e","58765ba5-3a14-4eeb-a1a0-54295275ed47"],"settings":{"title":"Products"}},"featured-products":{"type":"featured-products","settings":{"title":"Featured collection","home_featured_products":"trouser-and-shirt","collection_products_grid":"grid"}},"featured-product":{"type":"featured-product","settings":{"featured_product":"shoes","show_variant_labels":true,"show_vendor":false,"enable_payment_button":true,"show_share_buttons":true,"enable_video_looping":false}},"newsletter":{"type":"newsletter","settings":{"heading":"We love making new friends!","subheading":"<p>Join our community and subscribe to our e-mail list receive our latest news, promotions and product launches. We promise we won't spam your mailbox and you can unsubscribe at any time.<br\/><br\/><strong>Get on That List<\/strong><\/p>"}},"footer":{"type":"footer","settings":{"show_payment_icons":true,"show_locale_selector":true,"show_currency_selector":true,"footer_link_list":"footer"}},"16220976354a18cc65":{"type":"featured-collections","blocks":{"16220976359096bdb1-0":{"type":"collection","settings":{"collection":"watch-collection"}},"16220976359096bdb1-1":{"type":"collection","settings":{"collection":"women-summer-collection"}},"16220976359096bdb1-2":{"type":"collection","settings":{"collection":"women"}}},"block_order":["16220976359096bdb1-0","16220976359096bdb1-1","16220976359096bdb1-2"],"settings":{"title":"Featured Collection"}},"1622101139700f8096":{"type":"featured-row","settings":{"image":"shopify:\/\/shop_images\/feet-on-dock-above-lily-pads.jpg","layout":"left","title":"Thank you for walking with us","text":"<p>As an <strong>Indigenous-owned<\/strong> company, our vision is to build a vibrant, global brand that makes a significant impact in <strong>Indigenous communities.<\/strong><\/p>","button_label":""}},"1622101638b0863878":{"type":"map","settings":{"heading":"Our store","address":"<p>123 Fake St.<br\/>Toronto, Canada<\/p><p>Mon - Fri, 10am - 9pm<br\/>Saturday, 11am - 9pm<br\/>Sunday, 11am - 5pm<\/p>","map_address":"80 Spadina Ave, Toronto","button_text":"Get directions","show_pin":true,"api_key":"AIzaSyAk4N..._2H9UWF1NA","background_image":"shopify:\/\/shop_images\/person-admires-red-fall-trees.jpg","background_image_position":"center center"}},"collection-template":{"type":"collection-template","settings":{"show_collection_image":true,"collection_sort_enable":true,"collection_tags_enable":true,"collection_products_grid":"collage","product_vendor_enable":false}}},"content_for_index":["slideshow","featured-content","16220976354a18cc65","featured-collections","featured-product","1622101139700f8096","newsletter","1622101638b0863878"]},"presets":{"Classic":{"checkout_accent_color":"#a26b25","checkout_button_color":"#000000","checkout_error_color":"e32c2b","sections":{"header":{"type":"header","settings":{"show_announcement":true}},"slideshow":{"type":"slideshow","blocks":{"slideshow-0":{"type":"slide","settings":{}},"slideshow-1":{"type":"slide","settings":{}}},"block_order":["slideshow-0","slideshow-1"],"settings":{}},"featured-content":{"type":"featured-content","settings":{"section_title":"","text_size":"large"}},"featured-collections":{"type":"featured-collections","blocks":{"featured-collections-0":{"type":"collection","settings":{}},"featured-collections-1":{"type":"collection","settings":{}},"featured-collections-2":{"type":"collection","settings":{}},"featured-collections-3":{"type":"collection","settings":{}},"featured-collections-4":{"type":"collection","settings":{}}},"block_order":["featured-collections-0","featured-collections-1","featured-collections-2","featured-collections-3","featured-collections-4"],"settings":{}},"featured-products":{"type":"featured-products","settings":{"collection_products_grid":"grid"}},"featured-product":{"type":"featured-product","settings":{}},"newsletter":{"type":"newsletter","settings":{}}},"content_for_index":["slideshow","featured-content","featured-collections","featured-products","featured-product","newsletter"]},"Playful":{"color_body_bg":"#ffffff","color_body_text":"#565656","color_borders":"#5dd2b4","color_button_text":"#ffffff","color_primary":"#7737BD","color_secondary":"#058677","color_product_background":"#fff4f6","color_sale_tag":"#e80970","color_input":"#f6f6f6","color_newsletter":"#bde9f2","color_drawer_background":"#360f5f","color_drawer_text":"#ffffff","color_drawer_border":"#50297a","color_drawer_button":"#7737BD","color_drawer_button_text":"#ffffff","color_headings":"#321863","type_header_family":"quicksand_n7","type_header_base_size":"38px","type_header_border_thickness":"1px","type_accent_family":"roboto_n7","type_accent_transform":true,"type_accent_spacing":true,"type_accent_subheadings":false,"type_base_family":"helvetica_n4","type_base_size":"17px","type_base_italize_titles":false,"cart_type":"drawer","cart_notes_enable":true,"social_facebook_link":"","social_twitter_link":"","social_pinterest_link":"","social_instagram_link":"","social_snapchat_link":"","social_google_plus_link":"","social_tumblr_link":"","social_youtube_link":"","social_vimeo_link":"","social_fancy_link":"","share_facebook":true,"share_twitter":true,"share_pinterest":true,"favicon":"","checkout_header_image":"","checkout_logo_image":"","checkout_logo_position":"left","checkout_logo_size":"small","checkout_body_background_image":"","checkout_body_background_color":"#ffffff","checkout_input_background_color_mode":"white","checkout_sidebar_background_image":"","checkout_sidebar_background_color":"#fff4f6","checkout_heading_font":"Helvetica Neue","checkout_body_font":"Roboto","checkout_accent_color":"#7737BD","checkout_button_color":"#7737BD","checkout_error_color":"#f01130","checkout_banner_background_color":"#fff","checkout_call_to_action_color":"#a26b25","checkout_use_header_image":false,"collection_products_grid":"collage","customer_layout":"customer_area","favicon_enable":false,"product_vendor_enable":false,"social_sharing_style":"clean","sections":{"slideshow":{"type":"slideshow","blocks":{"1495823280244":{"type":"slide","settings":{"slide_text_color":"#ffffff","slide_button_label_color":"#003B34","slide_button_background_color":"#84D1B2"}}},"block_order":["1495823280244"],"settings":{"hero_home_auto":false,"home_hero_auto_speed":5}},"featured-products":{"type":"featured-products","settings":{"home_featured_products":"frontpage","collection_products_grid":"collage"}},"newsletter":{"type":"newsletter","settings":{}},"header":{"type":"header","settings":{"logo_max_width":260,"search":"modal","main_menu_link_list":"main-menu","show_announcement":false,"color_bg":"#290c49","color_text":"#ffffff"}},"footer":{"type":"footer","settings":{"footer_link_list":"footer"}},"collection-template":{"type":"collection-template","settings":{"collection_tags_enable":false,"collection_products_grid":"grid","product_vendor_enable":false}},"1494860348200":{"type":"featured-row","settings":{"layout":"right"}},"1494894035034":{"type":"featured-row","settings":{"layout":"left"}},"product-template":{"type":"product-template","settings":{"product_vendor_enable":false,"social_sharing_products":true,"enable_image_zoom":false,"enable_video_looping":false}},"1496078102297":{"type":"advanced-content","blocks":{"1496078102297-0":{"type":"html","settings":{"code":"<div style=\"text-align:center;\">\n<h1 class=\"h1\">Use HTML to format your text so it can be easily read.<\/h1>This text can be used to share information about your brand with customers.<\/div>","width":"100%","alignment":"top-middle"}}},"block_order":["1496078102297-0"],"settings":{}},"1496177901425":{"type":"advanced-content","blocks":{"1496177901425-0":{"type":"html","settings":{"code":"<div style=\"width:745px;text-align: center; margin: 0 auto;\">This text can be used to share information about your brand with customers.<\/div>","width":"100%","alignment":"top-middle"}}},"block_order":["1496177901425-0"],"settings":{}}},"content_for_index":["slideshow","1496177901425","featured-products","newsletter","1496078102297","1494860348200","1494894035034"]}}}